1,Donald,OConnell,DOCONNEL,650.507.9844
2,Douglas,Grant,DGRANT,650.507.9844
3,Jennifer,Whalen,JWHALEN,515.123.4444
4,Michael,Hartstein,MHARTSTE,515.123.5555
5,Pat,Fay,PFAY,603.123.6666
6,Susan,Mavris,SMAVRIS,515.123.7777
7,Hermann,Baer,HBAER,515.123.8888
8,Shelley,Higgins,SHIGGINS,515.123.8080
9,William,Gietz,WGIETZ,515.123.8181
10,Steven,King,SKING,515.123.4567
11,Neena,Kochhar,NKOCHHAR,515.123.4568
12,Lex,"De Haan",LDEHAAN,515.123.4569
13,Alexander,Hunold,AHUNOLD,590.423.4567
14,Bruce,Ernst,BERNST,590.423.4568
15,David,Austin,DAUSTIN,590.423.4569
16,Valli,Pataballa,VPATABAL,590.423.4560
17,Diana,Lorentz,DLORENTZ,590.423.5567
18,Nancy,Greenberg,NGREENBE,515.124.4569
19,Daniel,Faviet,DFAVIET,515.124.4169
20,John,Chen,JCHEN,515.124.4269
21,Ismael,Sciarra,ISCIARRA,515.124.4369
22,"Jose Manuel",Urman,JMURMAN,515.124.4469
23,Luis,Popp,LPOPP,515.124.4567
24,Den,Raphaely,DRAPHEAL,515.127.4561
25,Alexander,Khoo,AKHOO,515.127.4562
26,Shelli,Baida,SBAIDA,515.127.4563
27,Sigal,Tobias,STOBIAS,515.127.4564
28,Guy,Himuro,GHIMURO,515.127.4565
29,Karen,Colmenares,KCOLMENA,515.127.4566
30,Matthew,Weiss,MWEISS,650.123.1234
31,Adam,Fripp,AFRIPP,650.123.2234
32,Payam,Kaufling,PKAUFLIN,650.123.3234
33,Shanta,Vollman,SVOLLMAN,650.123.4234
34,Kevin,Mourgos,KMOURGOS,650.123.5234
35,Julia,Nayer,JNAYER,650.124.1214
36,Irene,Mikkilineni,IMIKKILI,650.124.1224
37,James,Landry,JLANDRY,650.124.1334
38,Steven,Markle,SMARKLE,650.124.1434
39,Laura,Bissot,LBISSOT,650.124.5234
40,Mozhe,Atkinson,MATKINSO,650.124.6234
41,James,Marlow,JAMRLOW,650.124.7234
42,TJ,Olson,TJOLSON,650.124.8234
43,Jason,Mallin,JMALLIN,650.127.1934
44,Michael,Rogers,MROGERS,650.127.1834
45,Ki,Gee,KGEE,650.127.1734
46,Hazel,Philtanker,HPHILTAN,650.127.1634
47,Renske,Ladwig,RLADWIG,650.121.1234
48,Stephen,Stiles,SSTILES,650.121.2034
49,John,Seo,JSEO,650.121.2019
50,Joshua,Patel,JPATEL,650.121.1834
51,Donald,OConnell,DOCONNEL,650.507.9844
52,Douglas,Grant,DGRANT,650.507.9844
53,Jennifer,Whalen,JWHALEN,515.123.4444
54,Michael,Hartstein,MHARTSTE,515.123.5555
55,Pat,Fay,PFAY,603.123.6666
56,Susan,Mavris,SMAVRIS,515.123.7777
57,Hermann,Baer,HBAER,515.123.8888
58,Shelley,Higgins,SHIGGINS,515.123.8080
59,William,Gietz,WGIETZ,515.123.8181
60,Steven,King,SKING,515.123.4567
61,Neena,Kochhar,NKOCHHAR,515.123.4568
62,Lex,"De Haan",LDEHAAN,515.123.4569
63,Alexander,Hunold,AHUNOLD,590.423.4567
64,Bruce,Ernst,BERNST,590.423.4568
65,David,Austin,DAUSTIN,590.423.4569
66,Valli,Pataballa,VPATABAL,590.423.4560
67,Diana,Lorentz,DLORENTZ,590.423.5567
68,Nancy,Greenberg,NGREENBE,515.124.4569
69,Daniel,Faviet,DFAVIET,515.124.4169
70,John,Chen,JCHEN,515.124.4269
71,Ismael,Sciarra,ISCIARRA,515.124.4369
72,"Jose Manuel",Urman,JMURMAN,515.124.4469
73,Luis,Popp,LPOPP,515.124.4567
74,Den,Raphaely,DRAPHEAL,515.127.4561
75,Alexander,Khoo,AKHOO,515.127.4562
76,Shelli,Baida,SBAIDA,515.127.4563
77,Sigal,Tobias,STOBIAS,515.127.4564
78,Guy,Himuro,GHIMURO,515.127.4565
79,Karen,Colmenares,KCOLMENA,515.127.4566
80,Matthew,Weiss,MWEISS,650.123.1234
81,Adam,Fripp,AFRIPP,650.123.2234
82,Payam,Kaufling,PKAUFLIN,650.123.3234
83,Shanta,Vollman,SVOLLMAN,650.123.4234
84,Kevin,Mourgos,KMOURGOS,650.123.5234
85,Julia,Nayer,JNAYER,650.124.1214
86,Irene,Mikkilineni,IMIKKILI,650.124.1224
87,James,Landry,JLANDRY,650.124.1334
88,Steven,Markle,SMARKLE,650.124.1434
89,Laura,Bissot,LBISSOT,650.124.5234
90,Mozhe,Atkinson,MATKINSO,650.124.6234
91,James,Marlow,JAMRLOW,650.124.7234
92,TJ,Olson,TJOLSON,650.124.8234
93,Jason,Mallin,JMALLIN,650.127.1934
94,Michael,Rogers,MROGERS,650.127.1834
95,Ki,Gee,KGEE,650.127.1734
96,Hazel,Philtanker,HPHILTAN,650.127.1634
97,Renske,Ladwig,RLADWIG,650.121.1234
98,Stephen,Stiles,SSTILES,650.121.2034
99,John,Seo,JSEO,650.121.2019
100,Joshua,Patel,JPATEL,650.121.1834
